<?xml version="1.0" encoding="UTF-8"?>
<project-private xmlns="http://www.netbeans.org/ns/project-private/1">
    <editor-bookmarks xmlns="http://www.netbeans.org/ns/editor-bookmarks/2" lastBookmarkId="0"/>
    <open-files xmlns="http://www.netbeans.org/ns/projectui-open-files/2">
        <group>
            <file>file:/home/superaluno/Documentos/SistemaBiblioteca/src/java/beans/CadastroLivroBean.java</file>
            <file>file:/home/superaluno/Documentos/SistemaBiblioteca/src/java/persistencia/HibernateUtil.java</file>
            <file>file:/home/superaluno/Documentos/SistemaBiblioteca/src/java/beans/CadastroUsuariosBean.java</file>
            <file>file:/home/superaluno/Documentos/SistemaBiblioteca/src/java/persistencia/LivroDAO.java</file>
            <file>file:/home/superaluno/Documentos/SistemaBiblioteca/web/index.xhtml</file>
            <file>file:/home/superaluno/Documentos/SistemaBiblioteca/web/consultaLivro.xhtml</file>
            <file>file:/home/superaluno/Documentos/SistemaBiblioteca/src/java/modelo/Usuario.java</file>
            <file>file:/home/superaluno/Documentos/SistemaBiblioteca/web/removeLivro.xhtml</file>
            <file>file:/home/superaluno/Documentos/SistemaBiblioteca/web/inclusaoUsuario.xhtml</file>
            <file>file:/home/superaluno/Documentos/SistemaBiblioteca/src/java/modelo/Livro.java</file>
            <file>file:/home/superaluno/Documentos/SistemaBiblioteca/src/java/persistencia/UsuarioDAO.java</file>
            <file>file:/home/superaluno/Documentos/SistemaBiblioteca/web/consulta2.xhtml</file>
            <file>file:/home/superaluno/Documentos/SistemaBiblioteca/web/inclusaoLivro.xhtml</file>
        </group>
    </open-files>
</project-private>
